iteration,id,source_index,category,answer_shape,requires_entity_resolution,question,json_parse_ok,exec_ok,gold_exec_ok,dim_f1,measure_f1,filter_f1,result_f1,exact_match,llm_judge,gen_query,gold_query
1,Q01,1,LQLS,dimension_listing,0,"Return all the claims we have by claim number, open date and close date?",1,1,1,1.0,0.0,1.0,0.0,0,-1,"{""query"": {""dimensions"": [""acme_ops.company_claim_number"", ""acme_ops.claim_open_date"", ""acme_ops.claim_close_date""], ""measures"": [""acme_ops.claim_count""]}}","{""query"": {""dimensions"": [""acme_ops.company_claim_number"", ""acme_ops.claim_open_date"", ""acme_ops.claim_close_date""], ""order"": {""acme_ops.company_claim_number"": ""asc""}}}"
1,Q02,2,LQLS,dimension_listing,0,"Return all the policies we have by policy number, effective date and expiration date?",1,1,1,1.0,1.0,1.0,1.0,1,-1,"{""query"": {""dimensions"": [""acme_ops.policy_number"", ""acme_ops.policy_effective_date"", ""acme_ops.policy_expiration_date""]}}","{""query"": {""dimensions"": [""acme_ops.policy_number"", ""acme_ops.policy_effective_date"", ""acme_ops.policy_expiration_date""], ""order"": {""acme_ops.policy_number"": ""asc""}}}"
1,Q03,3,LQLS,dimension_listing,0,Return all the policies and their policy holder by id,1,1,1,1.0,1.0,1.0,1.0,1,-1,"{""query"": {""dimensions"": [""acme_ops.policy_number"", ""acme_ops.party_identifier""], ""filters"": [{""member"": ""acme_ops.party_role_code"", ""operator"": ""equals"", ""values"": [""PH""]}]}}","{""query"": {""dimensions"": [""acme_ops.policy_number"", ""acme_ops.party_identifier""], ""filters"": [{""member"": ""acme_ops.party_role_code"", ""operator"": ""equals"", ""values"": [""PH""]}], ""order"": {""acme_ops.policy_number"": ""asc""}}}"
1,Q04,4,LQLS,dimension_listing,0,Return all the policies and the agents that sold them by policy number and agent id,1,1,1,1.0,1.0,1.0,1.0,1,-1,"{""query"": {""dimensions"": [""acme_ops.policy_number"", ""acme_ops.party_identifier""], ""filters"": [{""member"": ""acme_ops.party_role_code"", ""operator"": ""equals"", ""values"": [""AG""]}]}}","{""query"": {""dimensions"": [""acme_ops.policy_number"", ""acme_ops.party_identifier""], ""filters"": [{""member"": ""acme_ops.party_role_code"", ""operator"": ""equals"", ""values"": [""AG""]}], ""order"": {""acme_ops.policy_number"": ""asc""}}}"
1,Q05,5,LQLS,dimension_listing,0,What are all our policies that have a claim associated to them by policy and claim number?,1,1,1,1.0,0.0,0.0,0.0,0,-1,"{""query"": {""dimensions"": [""acme_ops.policy_number"", ""acme_ops.company_claim_number""], ""measures"": [""acme_ops.claim_count""], ""filters"": [{""member"": ""acme_ops.claim_count"", ""operator"": ""equals"", ""values"": [""1""]}]}}","{""query"": {""dimensions"": [""acme_ops.policy_number"", ""acme_ops.company_claim_number""], ""order"": {""acme_ops.policy_number"": ""asc""}}}"
1,Q06,6,LQLS,dimension_listing,0,What are all the premiums that have been paid by policy holders?,1,1,1,1.0,1.0,1.0,1.0,1,-1,"{""query"": {""dimensions"": [""acme_ops.party_identifier""], ""measures"": [""acme_ops.total_policy_amount""], ""filters"": [{""member"": ""acme_ops.party_role_code"", ""operator"": ""equals"", ""values"": [""PH""]}, {""member"": ""acme_ops.has_premium"", ""operator"": ""equals"", ""values"": [""1""]}]}}","{""query"": {""dimensions"": [""acme_ops.party_identifier""], ""measures"": [""acme_ops.total_policy_amount""], ""filters"": [{""member"": ""acme_ops.party_role_code"", ""operator"": ""equals"", ""values"": [""PH""]}, {""member"": ""acme_ops.has_premium"", ""operator"": ""equals"", ""values"": [""1""]}], ""order"": {""acme_ops.total_policy_amount"": ""desc""}}}"
1,Q07,7,LQLS,dimension_listing,0,What is the premium amount of all policies by policy number?,1,1,1,1.0,1.0,0.0,1.0,1,-1,"{""query"": {""dimensions"": [""acme_ops.policy_number""], ""measures"": [""acme_ops.total_policy_amount""]}}","{""query"": {""dimensions"": [""acme_ops.policy_number""], ""measures"": [""acme_ops.total_policy_amount""], ""filters"": [{""member"": ""acme_ops.has_premium"", ""operator"": ""equals"", ""values"": [""1""]}], ""order"": {""acme_ops.policy_number"": ""asc""}}}"
1,Q08,8,LQLS,dimension_listing,0,"What is the premium amount of all policies by policy number, coverage effective date and coverage expiration date",1,1,1,1.0,1.0,0.0,1.0,1,-1,"{""query"": {""dimensions"": [""acme_ops.policy_number"", ""acme_ops.coverage_effective_date"", ""acme_ops.coverage_expiration_date""], ""measures"": [""acme_ops.total_policy_amount""]}}","{""query"": {""dimensions"": [""acme_ops.policy_number"", ""acme_ops.coverage_effective_date"", ""acme_ops.coverage_expiration_date""], ""measures"": [""acme_ops.total_policy_amount""], ""filters"": [{""member"": ""acme_ops.has_premium"", ""operator"": ""equals"", ""values"": [""1""]}], ""order"": {""acme_ops.policy_number"": ""asc""}}}"
1,Q09,9,LQLS,dimension_listing,0,What are the loss payment amount of all claims by claim number?,1,1,1,1.0,1.0,1.0,1.0,1,-1,"{""query"": {""dimensions"": [""acme_ops.company_claim_number""], ""measures"": [""acme_ops.loss_payment_amount""]}}","{""query"": {""dimensions"": [""acme_ops.company_claim_number""], ""measures"": [""acme_ops.loss_payment_amount""], ""order"": {""acme_ops.company_claim_number"": ""asc""}}}"
1,Q10,10,LQLS,dimension_listing,0,What are the loss reserve amount of all claims by claim number?,1,1,1,1.0,1.0,1.0,1.0,1,-1,"{""query"": {""dimensions"": [""acme_ops.company_claim_number""], ""measures"": [""acme_ops.loss_reserve_amount""]}}","{""query"": {""dimensions"": [""acme_ops.company_claim_number""], ""measures"": [""acme_ops.loss_reserve_amount""], ""order"": {""acme_ops.company_claim_number"": ""asc""}}}"
1,Q11,11,LQLS,dimension_listing,0,What are the expense payment amount of all claims by claim number?,1,1,1,1.0,1.0,1.0,1.0,1,-1,"{""query"": {""dimensions"": [""acme_ops.company_claim_number""], ""measures"": [""acme_ops.expense_payment_amount""]}}","{""query"": {""dimensions"": [""acme_ops.company_claim_number""], ""measures"": [""acme_ops.expense_payment_amount""], ""order"": {""acme_ops.company_claim_number"": ""asc""}}}"
1,Q12,12,LQLS,dimension_listing,0,What are the expense reserve amount of all claims by claim number?,1,1,1,1.0,1.0,1.0,1.0,1,-1,"{""query"": {""dimensions"": [""acme_ops.company_claim_number""], ""measures"": [""acme_ops.expense_reserve_amount""]}}","{""query"": {""dimensions"": [""acme_ops.company_claim_number""], ""measures"": [""acme_ops.expense_reserve_amount""], ""order"": {""acme_ops.company_claim_number"": ""asc""}}}"
1,Q13,13,LQHS,dimension_listing,0,"What are the loss payment, loss reserve, expense payment, expense reserve amount by claim number?",1,1,1,1.0,1.0,1.0,1.0,1,-1,"{""query"": {""dimensions"": [""acme_ops.company_claim_number""], ""measures"": [""acme_ops.loss_payment_amount"", ""acme_ops.loss_reserve_amount"", ""acme_ops.expense_payment_amount"", ""acme_ops.expense_reserve_amount""]}}","{""query"": {""dimensions"": [""acme_ops.company_claim_number""], ""measures"": [""acme_ops.loss_payment_amount"", ""acme_ops.loss_reserve_amount"", ""acme_ops.expense_payment_amount"", ""acme_ops.expense_reserve_amount""], ""order"": {""acme_ops.company_claim_number"": ""asc""}}}"
1,Q14,14,LQHS,dimension_listing,0,"What are the loss payment, loss reserve, expense payment, expense reserve amount by claim number and corresponding policy number, policy holder and premium amount paid?",1,1,1,1.0,1.0,0.6667,1.0,1,-1,"{""query"": {""dimensions"": [""acme_ops.company_claim_number"", ""acme_ops.policy_number"", ""acme_ops.party_identifier""], ""measures"": [""acme_ops.loss_payment_amount"", ""acme_ops.loss_reserve_amount"", ""acme_ops.expense_payment_amount"", ""acme_ops.expense_reserve_amount"", ""acme_ops.total_policy_amount""], ""filters"": [{""member"": ""acme_ops.party_role_code"", ""operator"": ""equals"", ""values"": [""PH""]}]}}","{""query"": {""dimensions"": [""acme_ops.company_claim_number"", ""acme_ops.policy_number"", ""acme_ops.party_identifier""], ""measures"": [""acme_ops.loss_payment_amount"", ""acme_ops.loss_reserve_amount"", ""acme_ops.expense_payment_amount"", ""acme_ops.expense_reserve_amount"", ""acme_ops.total_policy_amount""], ""filters"": [{""member"": ""acme_ops.party_role_code"", ""operator"": ""equals"", ""values"": [""PH""]}, {""member"": ""acme_ops.has_premium"", ""operator"": ""equals"", ""values"": [""1""]}], ""order"": {""acme_ops.company_claim_number"": ""asc""}}}"
1,Q15,15,LQHS,dimension_listing,0,"What are the loss payment, loss reserve, expense payment, expense reserve amount by claim number and corresponding policy number, policy holder, premium amount paid and the agent who sold it?",1,0,1,0.8571,1.0,0.0,0.0,0,-1,"{""query"": {""dimensions"": [""acme_ops.company_claim_number"", ""acme_ops.policy_number"", ""acme_ops.party_identifier"", ""acme_ops.party_identifier""], ""measures"": [""acme_ops.loss_payment_amount"", ""acme_ops.loss_reserve_amount"", ""acme_ops.expense_payment_amount"", ""acme_ops.expense_reserve_amount"", ""acme_ops.total_policy_amount""], ""filters"": [{""member"": ""acme_ops.party_role_code"", ""operator"": ""equals"", ""values"": [""PH""]}, {""member"": ""acme_ops.party_role_code"", ""operator"": ""equals"", ""values"": [""AG""]}], ""order"": {""acme_ops.loss_payment_amount"": ""desc""}}}","{""query"": {""dimensions"": [""acme_ops.company_claim_number"", ""acme_ops.policy_number"", ""acme_ops.party_identifier"", ""acme_ops.party_role_code""], ""measures"": [""acme_ops.loss_payment_amount"", ""acme_ops.loss_reserve_amount"", ""acme_ops.expense_payment_amount"", ""acme_ops.expense_reserve_amount"", ""acme_ops.total_policy_amount""], ""filters"": [{""member"": ""acme_ops.has_premium"", ""operator"": ""equals"", ""values"": [""1""]}], ""order"": {""acme_ops.company_claim_number"": ""asc""}}}"
1,Q16,16,LQHS,dimension_listing,0,"What are the loss payment, loss reserve, expense payment, expense reserve amount by claim number and corresponding policy number, policy holder, premium amount paid, the catastrophe it had, and the agent who sold it?",1,1,1,0.8889,1.0,0.0,0.0,0,-1,"{""query"": {""dimensions"": [""acme_ops.company_claim_number"", ""acme_ops.policy_number"", ""acme_ops.catastrophe_name"", ""acme_ops.party_identifier""], ""measures"": [""acme_ops.loss_payment_amount"", ""acme_ops.loss_reserve_amount"", ""acme_ops.expense_payment_amount"", ""acme_ops.expense_reserve_amount"", ""acme_ops.total_policy_amount""], ""filters"": [{""member"": ""acme_ops.party_role_code"", ""operator"": ""equals"", ""values"": [""PH""]}, {""member"": ""acme_ops.party_role_code"", ""operator"": ""equals"", ""values"": [""AG""]}]}}","{""query"": {""dimensions"": [""acme_ops.company_claim_number"", ""acme_ops.policy_number"", ""acme_ops.party_identifier"", ""acme_ops.party_role_code"", ""acme_ops.catastrophe_name""], ""measures"": [""acme_ops.loss_payment_amount"", ""acme_ops.loss_reserve_amount"", ""acme_ops.expense_payment_amount"", ""acme_ops.expense_reserve_amount"", ""acme_ops.total_policy_amount""], ""filters"": [{""member"": ""acme_ops.has_premium"", ""operator"": ""equals"", ""values"": [""1""]}], ""order"": {""acme_ops.company_claim_number"": ""asc""}}}"
1,Q17,17,LQHS,dimension_listing,0,Return policy holders and the claims they have made and the corresponding catastrophe,1,1,1,1.0,1.0,1.0,1.0,1,-1,"{""query"": {""dimensions"": [""acme_ops.party_identifier"", ""acme_ops.company_claim_number"", ""acme_ops.catastrophe_name""], ""filters"": [{""member"": ""acme_ops.party_role_code"", ""operator"": ""equals"", ""values"": [""PH""]}]}}","{""query"": {""dimensions"": [""acme_ops.party_identifier"", ""acme_ops.company_claim_number"", ""acme_ops.catastrophe_name""], ""filters"": [{""member"": ""acme_ops.party_role_code"", ""operator"": ""equals"", ""values"": [""PH""]}], ""order"": {""acme_ops.party_identifier"": ""asc""}}}"
1,Q18,18,LQHS,dimension_listing,0,Return agents and the policy they have sold that have had a claim and the corresponding catastrophe it had.,1,1,1,0.8571,1.0,1.0,0.0,0,-1,"{""query"": {""dimensions"": [""acme_ops.party_identifier"", ""acme_ops.policy_number"", ""acme_ops.catastrophe_name""], ""filters"": [{""member"": ""acme_ops.party_role_code"", ""operator"": ""equals"", ""values"": [""AG""]}]}}","{""query"": {""dimensions"": [""acme_ops.party_identifier"", ""acme_ops.policy_number"", ""acme_ops.company_claim_number"", ""acme_ops.catastrophe_name""], ""filters"": [{""member"": ""acme_ops.party_role_code"", ""operator"": ""equals"", ""values"": [""AG""]}], ""order"": {""acme_ops.party_identifier"": ""asc""}}}"
1,Q19,19,LQHS,dimension_listing,0,"Return agents and the policies they have sold that have had a claim and the corresponding loss payment amount by agent id, policy number and claim number",1,1,1,1.0,1.0,1.0,1.0,1,-1,"{""query"": {""dimensions"": [""acme_ops.party_identifier"", ""acme_ops.policy_number"", ""acme_ops.company_claim_number""], ""measures"": [""acme_ops.loss_payment_amount""], ""filters"": [{""member"": ""acme_ops.party_role_code"", ""operator"": ""equals"", ""values"": [""AG""]}], ""order"": {""acme_ops.loss_payment_amount"": ""desc""}}}","{""query"": {""dimensions"": [""acme_ops.party_identifier"", ""acme_ops.policy_number"", ""acme_ops.company_claim_number""], ""measures"": [""acme_ops.loss_payment_amount""], ""filters"": [{""member"": ""acme_ops.party_role_code"", ""operator"": ""equals"", ""values"": [""AG""]}], ""order"": {""acme_ops.party_identifier"": ""asc""}}}"
1,Q20,20,LQHS,dimension_listing,0,"Return agents and the policy they have sold that have had a claim and the corresponding loss reserve amount by agent id, policy number and claim number",1,1,1,1.0,1.0,1.0,1.0,1,-1,"{""query"": {""dimensions"": [""acme_ops.party_identifier"", ""acme_ops.policy_number"", ""acme_ops.company_claim_number""], ""measures"": [""acme_ops.loss_reserve_amount""], ""filters"": [{""member"": ""acme_ops.party_role_code"", ""operator"": ""equals"", ""values"": [""AG""]}], ""order"": {""acme_ops.loss_reserve_amount"": ""desc""}}}","{""query"": {""dimensions"": [""acme_ops.party_identifier"", ""acme_ops.policy_number"", ""acme_ops.company_claim_number""], ""measures"": [""acme_ops.loss_reserve_amount""], ""filters"": [{""member"": ""acme_ops.party_role_code"", ""operator"": ""equals"", ""values"": [""AG""]}], ""order"": {""acme_ops.party_identifier"": ""asc""}}}"
1,Q21,21,LQHS,dimension_listing,0,"Return agents and the policy they have sold that have had a claim and the corresponding expense payment amount by agent id, policy number and claim number",1,1,1,1.0,1.0,1.0,1.0,1,-1,"{""query"": {""dimensions"": [""acme_ops.party_identifier"", ""acme_ops.policy_number"", ""acme_ops.company_claim_number""], ""measures"": [""acme_ops.expense_payment_amount""], ""filters"": [{""member"": ""acme_ops.party_role_code"", ""operator"": ""equals"", ""values"": [""AG""]}], ""order"": {""acme_ops.expense_payment_amount"": ""desc""}}}","{""query"": {""dimensions"": [""acme_ops.party_identifier"", ""acme_ops.policy_number"", ""acme_ops.company_claim_number""], ""measures"": [""acme_ops.expense_payment_amount""], ""filters"": [{""member"": ""acme_ops.party_role_code"", ""operator"": ""equals"", ""values"": [""AG""]}], ""order"": {""acme_ops.party_identifier"": ""asc""}}}"
1,Q22,22,LQHS,dimension_listing,0,"Return agents and the policy they have sold that have had a claim and the corresponding expense reserve amount by agent id, policy number and claim number",1,1,1,1.0,1.0,1.0,1.0,1,-1,"{""query"": {""dimensions"": [""acme_ops.party_identifier"", ""acme_ops.policy_number"", ""acme_ops.company_claim_number""], ""measures"": [""acme_ops.expense_reserve_amount""], ""filters"": [{""member"": ""acme_ops.party_role_code"", ""operator"": ""equals"", ""values"": [""AG""]}]}}","{""query"": {""dimensions"": [""acme_ops.party_identifier"", ""acme_ops.policy_number"", ""acme_ops.company_claim_number""], ""measures"": [""acme_ops.expense_reserve_amount""], ""filters"": [{""member"": ""acme_ops.party_role_code"", ""operator"": ""equals"", ""values"": [""AG""]}], ""order"": {""acme_ops.party_identifier"": ""asc""}}}"
1,Q23,23,HQLS,aggregate,0,How many claims do we have?,1,1,1,1.0,1.0,1.0,1.0,1,-1,"{""query"": {""measures"": [""acme_ops.claim_count""]}}","{""query"": {""measures"": [""acme_ops.claim_count""]}}"
1,Q24,24,HQLS,aggregate,0,How many policies do we have?,1,1,1,1.0,1.0,1.0,1.0,1,-1,"{""query"": {""measures"": [""acme_ops.policy_count""]}}","{""query"": {""measures"": [""acme_ops.policy_count""]}}"
1,Q25,25,HQLS,aggregate,0,How many claims have been placed by policy number?,1,1,1,1.0,1.0,1.0,1.0,1,-1,"{""query"": {""dimensions"": [""acme_ops.policy_number""], ""measures"": [""acme_ops.claim_count""]}}","{""query"": {""dimensions"": [""acme_ops.policy_number""], ""measures"": [""acme_ops.claim_count""], ""order"": {""acme_ops.claim_count"": ""desc""}}}"
1,Q26,26,HQLS,aggregate,0,How many policies have agents sold by agent id?,1,1,1,1.0,1.0,1.0,1.0,1,-1,"{""query"": {""dimensions"": [""acme_ops.party_identifier""], ""measures"": [""acme_ops.policy_count_by_agent""], ""filters"": [{""member"": ""acme_ops.party_role_code"", ""operator"": ""equals"", ""values"": [""AG""]}]}}","{""query"": {""dimensions"": [""acme_ops.party_identifier""], ""measures"": [""acme_ops.policy_count_by_agent""], ""filters"": [{""member"": ""acme_ops.party_role_code"", ""operator"": ""equals"", ""values"": [""AG""]}], ""order"": {""acme_ops.policy_count_by_agent"": ""desc""}}}"
1,Q28,28,HQLS,aggregate,0,What is the total amount of premiums paid by policy number?,1,1,1,1.0,1.0,1.0,1.0,1,-1,"{""query"": {""dimensions"": [""acme_ops.policy_number""], ""measures"": [""acme_ops.total_policy_amount""], ""filters"": [{""member"": ""acme_ops.has_premium"", ""operator"": ""equals"", ""values"": [""1""]}]}}","{""query"": {""dimensions"": [""acme_ops.policy_number""], ""measures"": [""acme_ops.total_policy_amount""], ""filters"": [{""member"": ""acme_ops.has_premium"", ""operator"": ""equals"", ""values"": [""1""]}], ""order"": {""acme_ops.total_policy_amount"": ""desc""}}}"
1,Q32,32,HQLS,aggregate,0,What is the average time to settle a claim by policy number?,1,1,1,1.0,1.0,1.0,1.0,1,-1,"{""query"": {""dimensions"": [""acme_ops.policy_number""], ""measures"": [""acme_ops.avg_days_to_settle""]}}","{""query"": {""dimensions"": [""acme_ops.policy_number""], ""measures"": [""acme_ops.avg_days_to_settle""], ""order"": {""acme_ops.avg_days_to_settle"": ""desc""}}}"
1,Q31,31,HQLS,aggregate,0,"What is the total loss amounts, which is the sum of loss payment, loss reserve amount by claim number?",1,1,1,1.0,1.0,1.0,1.0,1,-1,"{""query"": {""dimensions"": [""acme_ops.company_claim_number""], ""measures"": [""acme_ops.total_loss_amount""]}}","{""query"": {""dimensions"": [""acme_ops.company_claim_number""], ""measures"": [""acme_ops.total_loss_amount""], ""order"": {""acme_ops.total_loss_amount"": ""desc""}}}"
1,Q29,29,HQLS,aggregate,0,What is the total amount of premiums that a policy holder has paid?,1,1,1,1.0,1.0,0.6667,1.0,1,-1,"{""query"": {""dimensions"": [""acme_ops.party_identifier""], ""measures"": [""acme_ops.total_policy_amount""], ""filters"": [{""member"": ""acme_ops.party_role_code"", ""operator"": ""equals"", ""values"": [""PH""]}]}}","{""query"": {""dimensions"": [""acme_ops.party_identifier""], ""measures"": [""acme_ops.total_policy_amount""], ""filters"": [{""member"": ""acme_ops.has_premium"", ""operator"": ""equals"", ""values"": [""1""]}, {""member"": ""acme_ops.party_role_code"", ""operator"": ""equals"", ""values"": [""PH""]}], ""order"": {""acme_ops.total_policy_amount"": ""desc""}}}"
1,Q30,30,HQLS,aggregate,0,What is the total amount of premiums that a policy holder has paid by policy number?,1,1,1,0.6667,1.0,0.6667,0.0,0,-1,"{""query"": {""dimensions"": [""acme_ops.policy_number""], ""measures"": [""acme_ops.total_policy_amount""], ""filters"": [{""member"": ""acme_ops.party_role_code"", ""operator"": ""equals"", ""values"": [""PH""]}]}}","{""query"": {""dimensions"": [""acme_ops.policy_number"", ""acme_ops.party_identifier""], ""measures"": [""acme_ops.total_policy_amount""], ""filters"": [{""member"": ""acme_ops.has_premium"", ""operator"": ""equals"", ""values"": [""1""]}, {""member"": ""acme_ops.party_role_code"", ""operator"": ""equals"", ""values"": [""PH""]}], ""order"": {""acme_ops.total_policy_amount"": ""desc""}}}"
1,Q27,27,HQLS,aggregate,0,How many policies does each policy holder have by policy holder id?,1,1,1,1.0,1.0,1.0,1.0,1,-1,"{""query"": {""dimensions"": [""acme_ops.party_identifier""], ""measures"": [""acme_ops.policy_count""], ""filters"": [{""member"": ""acme_ops.party_role_code"", ""operator"": ""equals"", ""values"": [""PH""]}]}}","{""query"": {""dimensions"": [""acme_ops.party_identifier""], ""measures"": [""acme_ops.policy_count""], ""filters"": [{""member"": ""acme_ops.party_role_code"", ""operator"": ""equals"", ""values"": [""PH""]}], ""order"": {""acme_ops.policy_count"": ""desc""}}}"
1,Q33,33,HQLS,aggregate,0,What is the average policy size which is the total amount of premium divided by the number of policies?,1,1,1,1.0,1.0,0.0,1.0,1,-1,"{""query"": {""measures"": [""acme_ops.avg_policy_size""]}}","{""query"": {""measures"": [""acme_ops.avg_policy_size""], ""filters"": [{""member"": ""acme_ops.has_premium"", ""operator"": ""equals"", ""values"": [""1""]}]}}"
1,Q34,34,HQHS,aggregate,0,"What is the total loss of each claim by claim number where total loss is the sum of loss payment, loss reserve, expense payment, expense reserve amount?",1,1,1,1.0,1.0,1.0,1.0,1,-1,"{""query"": {""dimensions"": [""acme_ops.company_claim_number""], ""measures"": [""acme_ops.total_full_loss_amount""]}}","{""query"": {""dimensions"": [""acme_ops.company_claim_number""], ""measures"": [""acme_ops.total_full_loss_amount""], ""order"": {""acme_ops.total_full_loss_amount"": ""desc""}}}"
1,Q35,35,HQHS,aggregate,0,"What is the average loss of each policy by policy number where loss is the sum of loss payment, loss reserve, expense payment, expense reserve amounts?",1,1,1,1.0,1.0,1.0,1.0,1,-1,"{""query"": {""dimensions"": [""acme_ops.policy_number""], ""measures"": [""acme_ops.avg_full_loss_amount""]}}","{""query"": {""dimensions"": [""acme_ops.policy_number""], ""measures"": [""acme_ops.avg_full_loss_amount""], ""order"": {""acme_ops.avg_full_loss_amount"": ""desc""}}}"
1,Q36,36,HQHS,aggregate,0,"What is the total loss of each policy by policy number where total loss is the sum of loss payment, loss reserve, expense payment, expense reserve amounts?",1,1,1,1.0,1.0,1.0,1.0,1,-1,"{""query"": {""dimensions"": [""acme_ops.policy_number""], ""measures"": [""acme_ops.total_full_loss_amount""]}}","{""query"": {""dimensions"": [""acme_ops.policy_number""], ""measures"": [""acme_ops.total_full_loss_amount""], ""order"": {""acme_ops.total_full_loss_amount"": ""desc""}}}"
1,Q37,37,HQHS,aggregate,0,"What are the total loss, which is the sum of loss payment, loss reserve, expense payment, expense reserve amount by claim number and corresponding policy number, policy holder and premium amount paid?",1,1,1,1.0,1.0,0.6667,1.0,1,-1,"{""query"": {""dimensions"": [""acme_ops.company_claim_number"", ""acme_ops.policy_number"", ""acme_ops.party_identifier""], ""measures"": [""acme_ops.total_full_loss_amount"", ""acme_ops.total_policy_amount""], ""filters"": [{""member"": ""acme_ops.party_role_code"", ""operator"": ""equals"", ""values"": [""PH""]}]}}","{""query"": {""dimensions"": [""acme_ops.company_claim_number"", ""acme_ops.policy_number"", ""acme_ops.party_identifier""], ""measures"": [""acme_ops.total_full_loss_amount"", ""acme_ops.total_policy_amount""], ""filters"": [{""member"": ""acme_ops.party_role_code"", ""operator"": ""equals"", ""values"": [""PH""]}, {""member"": ""acme_ops.has_premium"", ""operator"": ""equals"", ""values"": [""1""]}], ""order"": {""acme_ops.company_claim_number"": ""asc""}}}"
1,Q38,38,HQHS,aggregate,0,"What are the total loss, which is the sum of loss payment, loss reserve, expense payment, expense reserve amount by catastrophe and policy number?",1,1,1,1.0,1.0,1.0,1.0,1,-1,"{""query"": {""dimensions"": [""acme_ops.catastrophe_name"", ""acme_ops.policy_number""], ""measures"": [""acme_ops.total_full_loss_amount""]}}","{""query"": {""dimensions"": [""acme_ops.catastrophe_name"", ""acme_ops.policy_number""], ""measures"": [""acme_ops.total_full_loss_amount""], ""order"": {""acme_ops.total_full_loss_amount"": ""desc""}}}"
1,Q39,39,HQHS,aggregate,0,"What are the total loss, which is the sum of loss payment, loss reserve, expense payment, expense reserve amount by claim number, catastrophe and corresponding policy number?",1,1,1,1.0,1.0,1.0,1.0,1,-1,"{""query"": {""dimensions"": [""acme_ops.company_claim_number"", ""acme_ops.catastrophe_name"", ""acme_ops.policy_number""], ""measures"": [""acme_ops.total_full_loss_amount""]}}","{""query"": {""dimensions"": [""acme_ops.company_claim_number"", ""acme_ops.catastrophe_name"", ""acme_ops.policy_number""], ""measures"": [""acme_ops.total_full_loss_amount""], ""order"": {""acme_ops.company_claim_number"": ""asc""}}}"
1,Q40,40,HQHS,aggregate,0,"What is the total loss of each policy that an agent has sold by agent id where total loss is the sum of loss payment, loss reserve, expense payment, expense reserve amounts?",1,1,1,1.0,1.0,1.0,1.0,1,-1,"{""query"": {""dimensions"": [""acme_ops.party_identifier"", ""acme_ops.policy_number""], ""measures"": [""acme_ops.total_full_loss_amount""], ""filters"": [{""member"": ""acme_ops.party_role_code"", ""operator"": ""equals"", ""values"": [""AG""]}]}}","{""query"": {""dimensions"": [""acme_ops.party_identifier"", ""acme_ops.policy_number""], ""measures"": [""acme_ops.total_full_loss_amount""], ""filters"": [{""member"": ""acme_ops.party_role_code"", ""operator"": ""equals"", ""values"": [""AG""]}], ""order"": {""acme_ops.party_identifier"": ""asc""}}}"
1,Q41,41,HQHS,aggregate,0,What is the loss ratio of each policy and agent who sold it by policy number and agent id?,1,1,1,1.0,0.5,0.6667,0.0,0,-1,"{""query"": {""dimensions"": [""acme_ops.policy_number"", ""acme_ops.party_identifier""], ""measures"": [""acme_ops.total_loss_amount"", ""acme_ops.total_policy_amount""], ""filters"": [{""member"": ""acme_ops.party_role_code"", ""operator"": ""equals"", ""values"": [""AG""]}], ""order"": {""acme_ops.policy_number"": ""asc""}}}","{""query"": {""dimensions"": [""acme_ops.policy_number"", ""acme_ops.party_identifier""], ""measures"": [""acme_ops.total_full_loss_amount"", ""acme_ops.total_policy_amount""], ""filters"": [{""member"": ""acme_ops.party_role_code"", ""operator"": ""equals"", ""values"": [""AG""]}, {""member"": ""acme_ops.has_premium"", ""operator"": ""equals"", ""values"": [""1""]}], ""order"": {""acme_ops.policy_number"": ""asc""}}}"
1,Q44,44,HQHS,aggregate,0,"What is the average loss of each policy by policy number and number of claims where loss is the sum of loss payment, loss reserve, expense payment, expense reserve amounts?",1,1,1,1.0,1.0,1.0,1.0,1,-1,"{""query"": {""dimensions"": [""acme_ops.policy_number""], ""measures"": [""acme_ops.avg_full_loss_amount"", ""acme_ops.claim_count""]}}","{""query"": {""dimensions"": [""acme_ops.policy_number""], ""measures"": [""acme_ops.avg_full_loss_amount"", ""acme_ops.claim_count""], ""order"": {""acme_ops.policy_number"": ""asc""}}}"
1,Q43,43,HQHS,aggregate,0,"What is the loss ratio, number of claims, total loss by policy number and premium where total loss is the sum of loss payment, loss reserve, expense payment, expense reserve amount and loss ratio is total loss divided by premium?",1,1,1,1.0,1.0,1.0,1.0,1,-1,"{""query"": {""dimensions"": [""acme_ops.policy_number""], ""measures"": [""acme_ops.claim_count"", ""acme_ops.total_full_loss_amount"", ""acme_ops.total_policy_amount""], ""filters"": [{""member"": ""acme_ops.has_premium"", ""operator"": ""equals"", ""values"": [""1""]}], ""order"": {""acme_ops.total_full_loss_amount"": ""desc""}}}","{""query"": {""dimensions"": [""acme_ops.policy_number""], ""measures"": [""acme_ops.total_full_loss_amount"", ""acme_ops.total_policy_amount"", ""acme_ops.claim_count""], ""filters"": [{""member"": ""acme_ops.has_premium"", ""operator"": ""equals"", ""values"": [""1""]}], ""order"": {""acme_ops.policy_number"": ""asc""}}}"
2,Q01,1,LQLS,dimension_listing,0,"Return all the claims we have by claim number, open date and close date?",1,1,1,1.0,0.0,1.0,0.0,0,-1,"{""query"": {""dimensions"": [""acme_ops.company_claim_number"", ""acme_ops.claim_open_date"", ""acme_ops.claim_close_date""], ""measures"": [""acme_ops.claim_count""]}}","{""query"": {""dimensions"": [""acme_ops.company_claim_number"", ""acme_ops.claim_open_date"", ""acme_ops.claim_close_date""], ""order"": {""acme_ops.company_claim_number"": ""asc""}}}"
2,Q02,2,LQLS,dimension_listing,0,"Return all the policies we have by policy number, effective date and expiration date?",1,1,1,1.0,1.0,1.0,1.0,1,-1,"{""query"": {""dimensions"": [""acme_ops.policy_number"", ""acme_ops.policy_effective_date"", ""acme_ops.policy_expiration_date""]}}","{""query"": {""dimensions"": [""acme_ops.policy_number"", ""acme_ops.policy_effective_date"", ""acme_ops.policy_expiration_date""], ""order"": {""acme_ops.policy_number"": ""asc""}}}"
2,Q03,3,LQLS,dimension_listing,0,Return all the policies and their policy holder by id,1,1,1,1.0,1.0,1.0,1.0,1,-1,"{""query"": {""dimensions"": [""acme_ops.policy_number"", ""acme_ops.party_identifier""], ""filters"": [{""member"": ""acme_ops.party_role_code"", ""operator"": ""equals"", ""values"": [""PH""]}]}}","{""query"": {""dimensions"": [""acme_ops.policy_number"", ""acme_ops.party_identifier""], ""filters"": [{""member"": ""acme_ops.party_role_code"", ""operator"": ""equals"", ""values"": [""PH""]}], ""order"": {""acme_ops.policy_number"": ""asc""}}}"
2,Q04,4,LQLS,dimension_listing,0,Return all the policies and the agents that sold them by policy number and agent id,1,1,1,1.0,1.0,1.0,1.0,1,-1,"{""query"": {""dimensions"": [""acme_ops.policy_number"", ""acme_ops.party_identifier""], ""filters"": [{""member"": ""acme_ops.party_role_code"", ""operator"": ""equals"", ""values"": [""AG""]}]}}","{""query"": {""dimensions"": [""acme_ops.policy_number"", ""acme_ops.party_identifier""], ""filters"": [{""member"": ""acme_ops.party_role_code"", ""operator"": ""equals"", ""values"": [""AG""]}], ""order"": {""acme_ops.policy_number"": ""asc""}}}"
2,Q05,5,LQLS,dimension_listing,0,What are all our policies that have a claim associated to them by policy and claim number?,1,1,1,1.0,0.0,1.0,0.0,0,-1,"{""query"": {""dimensions"": [""acme_ops.policy_number"", ""acme_ops.company_claim_number""], ""measures"": [""acme_ops.claim_count""]}}","{""query"": {""dimensions"": [""acme_ops.policy_number"", ""acme_ops.company_claim_number""], ""order"": {""acme_ops.policy_number"": ""asc""}}}"
2,Q06,6,LQLS,dimension_listing,0,What are all the premiums that have been paid by policy holders?,1,1,1,1.0,1.0,1.0,1.0,1,-1,"{""query"": {""dimensions"": [""acme_ops.party_identifier""], ""measures"": [""acme_ops.total_policy_amount""], ""filters"": [{""member"": ""acme_ops.party_role_code"", ""operator"": ""equals"", ""values"": [""PH""]}, {""member"": ""acme_ops.has_premium"", ""operator"": ""equals"", ""values"": [""1""]}]}}","{""query"": {""dimensions"": [""acme_ops.party_identifier""], ""measures"": [""acme_ops.total_policy_amount""], ""filters"": [{""member"": ""acme_ops.party_role_code"", ""operator"": ""equals"", ""values"": [""PH""]}, {""member"": ""acme_ops.has_premium"", ""operator"": ""equals"", ""values"": [""1""]}], ""order"": {""acme_ops.total_policy_amount"": ""desc""}}}"
2,Q07,7,LQLS,dimension_listing,0,What is the premium amount of all policies by policy number?,1,1,1,1.0,1.0,0.0,1.0,1,-1,"{""query"": {""dimensions"": [""acme_ops.policy_number""], ""measures"": [""acme_ops.total_policy_amount""]}}","{""query"": {""dimensions"": [""acme_ops.policy_number""], ""measures"": [""acme_ops.total_policy_amount""], ""filters"": [{""member"": ""acme_ops.has_premium"", ""operator"": ""equals"", ""values"": [""1""]}], ""order"": {""acme_ops.policy_number"": ""asc""}}}"
2,Q08,8,LQLS,dimension_listing,0,"What is the premium amount of all policies by policy number, coverage effective date and coverage expiration date",1,1,1,1.0,1.0,0.0,1.0,1,-1,"{""query"": {""dimensions"": [""acme_ops.policy_number"", ""acme_ops.coverage_effective_date"", ""acme_ops.coverage_expiration_date""], ""measures"": [""acme_ops.total_policy_amount""]}}","{""query"": {""dimensions"": [""acme_ops.policy_number"", ""acme_ops.coverage_effective_date"", ""acme_ops.coverage_expiration_date""], ""measures"": [""acme_ops.total_policy_amount""], ""filters"": [{""member"": ""acme_ops.has_premium"", ""operator"": ""equals"", ""values"": [""1""]}], ""order"": {""acme_ops.policy_number"": ""asc""}}}"
2,Q09,9,LQLS,dimension_listing,0,What are the loss payment amount of all claims by claim number?,1,1,1,1.0,1.0,1.0,1.0,1,-1,"{""query"": {""dimensions"": [""acme_ops.company_claim_number""], ""measures"": [""acme_ops.loss_payment_amount""]}}","{""query"": {""dimensions"": [""acme_ops.company_claim_number""], ""measures"": [""acme_ops.loss_payment_amount""], ""order"": {""acme_ops.company_claim_number"": ""asc""}}}"
2,Q10,10,LQLS,dimension_listing,0,What are the loss reserve amount of all claims by claim number?,1,1,1,1.0,1.0,1.0,1.0,1,-1,"{""query"": {""dimensions"": [""acme_ops.company_claim_number""], ""measures"": [""acme_ops.loss_reserve_amount""]}}","{""query"": {""dimensions"": [""acme_ops.company_claim_number""], ""measures"": [""acme_ops.loss_reserve_amount""], ""order"": {""acme_ops.company_claim_number"": ""asc""}}}"
2,Q11,11,LQLS,dimension_listing,0,What are the expense payment amount of all claims by claim number?,1,1,1,1.0,1.0,1.0,1.0,1,-1,"{""query"": {""dimensions"": [""acme_ops.company_claim_number""], ""measures"": [""acme_ops.expense_payment_amount""]}}","{""query"": {""dimensions"": [""acme_ops.company_claim_number""], ""measures"": [""acme_ops.expense_payment_amount""], ""order"": {""acme_ops.company_claim_number"": ""asc""}}}"
2,Q12,12,LQLS,dimension_listing,0,What are the expense reserve amount of all claims by claim number?,1,1,1,1.0,1.0,1.0,1.0,1,-1,"{""query"": {""dimensions"": [""acme_ops.company_claim_number""], ""measures"": [""acme_ops.expense_reserve_amount""]}}","{""query"": {""dimensions"": [""acme_ops.company_claim_number""], ""measures"": [""acme_ops.expense_reserve_amount""], ""order"": {""acme_ops.company_claim_number"": ""asc""}}}"
2,Q13,13,LQHS,dimension_listing,0,"What are the loss payment, loss reserve, expense payment, expense reserve amount by claim number?",1,1,1,1.0,1.0,1.0,1.0,1,-1,"{""query"": {""dimensions"": [""acme_ops.company_claim_number""], ""measures"": [""acme_ops.loss_payment_amount"", ""acme_ops.loss_reserve_amount"", ""acme_ops.expense_payment_amount"", ""acme_ops.expense_reserve_amount""]}}","{""query"": {""dimensions"": [""acme_ops.company_claim_number""], ""measures"": [""acme_ops.loss_payment_amount"", ""acme_ops.loss_reserve_amount"", ""acme_ops.expense_payment_amount"", ""acme_ops.expense_reserve_amount""], ""order"": {""acme_ops.company_claim_number"": ""asc""}}}"
2,Q14,14,LQHS,dimension_listing,0,"What are the loss payment, loss reserve, expense payment, expense reserve amount by claim number and corresponding policy number, policy holder and premium amount paid?",1,1,1,1.0,1.0,0.6667,1.0,1,-1,"{""query"": {""dimensions"": [""acme_ops.company_claim_number"", ""acme_ops.policy_number"", ""acme_ops.party_identifier""], ""measures"": [""acme_ops.loss_payment_amount"", ""acme_ops.loss_reserve_amount"", ""acme_ops.expense_payment_amount"", ""acme_ops.expense_reserve_amount"", ""acme_ops.total_policy_amount""], ""filters"": [{""member"": ""acme_ops.party_role_code"", ""operator"": ""equals"", ""values"": [""PH""]}]}}","{""query"": {""dimensions"": [""acme_ops.company_claim_number"", ""acme_ops.policy_number"", ""acme_ops.party_identifier""], ""measures"": [""acme_ops.loss_payment_amount"", ""acme_ops.loss_reserve_amount"", ""acme_ops.expense_payment_amount"", ""acme_ops.expense_reserve_amount"", ""acme_ops.total_policy_amount""], ""filters"": [{""member"": ""acme_ops.party_role_code"", ""operator"": ""equals"", ""values"": [""PH""]}, {""member"": ""acme_ops.has_premium"", ""operator"": ""equals"", ""values"": [""1""]}], ""order"": {""acme_ops.company_claim_number"": ""asc""}}}"
2,Q15,15,LQHS,dimension_listing,0,"What are the loss payment, loss reserve, expense payment, expense reserve amount by claim number and corresponding policy number, policy holder, premium amount paid and the agent who sold it?",1,1,1,0.8571,1.0,0.0,0.0,0,-1,"{""query"": {""dimensions"": [""acme_ops.company_claim_number"", ""acme_ops.policy_number"", ""acme_ops.party_identifier""], ""measures"": [""acme_ops.loss_payment_amount"", ""acme_ops.loss_reserve_amount"", ""acme_ops.expense_payment_amount"", ""acme_ops.expense_reserve_amount"", ""acme_ops.total_policy_amount""], ""filters"": [{""member"": ""acme_ops.party_role_code"", ""operator"": ""equals"", ""values"": [""PH""]}, {""member"": ""acme_ops.party_role_code"", ""operator"": ""equals"", ""values"": [""AG""]}]}}","{""query"": {""dimensions"": [""acme_ops.company_claim_number"", ""acme_ops.policy_number"", ""acme_ops.party_identifier"", ""acme_ops.party_role_code""], ""measures"": [""acme_ops.loss_payment_amount"", ""acme_ops.loss_reserve_amount"", ""acme_ops.expense_payment_amount"", ""acme_ops.expense_reserve_amount"", ""acme_ops.total_policy_amount""], ""filters"": [{""member"": ""acme_ops.has_premium"", ""operator"": ""equals"", ""values"": [""1""]}], ""order"": {""acme_ops.company_claim_number"": ""asc""}}}"
2,Q16,16,LQHS,dimension_listing,0,"What are the loss payment, loss reserve, expense payment, expense reserve amount by claim number and corresponding policy number, policy holder, premium amount paid, the catastrophe it had, and the agent who sold it?",1,1,1,0.8,1.0,0.0,0.0,0,-1,"{""query"": {""dimensions"": [""acme_ops.company_claim_number"", ""acme_ops.policy_number"", ""acme_ops.catastrophe_name"", ""acme_ops.party_identifier"", ""acme_ops.party_name""], ""measures"": [""acme_ops.loss_payment_amount"", ""acme_ops.loss_reserve_amount"", ""acme_ops.expense_payment_amount"", ""acme_ops.expense_reserve_amount"", ""acme_ops.total_policy_amount""], ""filters"": [{""member"": ""acme_ops.party_role_code"", ""operator"": ""equals"", ""values"": [""PH""]}, {""member"": ""acme_ops.party_role_code"", ""operator"": ""equals"", ""values"": [""AG""]}]}}","{""query"": {""dimensions"": [""acme_ops.company_claim_number"", ""acme_ops.policy_number"", ""acme_ops.party_identifier"", ""acme_ops.party_role_code"", ""acme_ops.catastrophe_name""], ""measures"": [""acme_ops.loss_payment_amount"", ""acme_ops.loss_reserve_amount"", ""acme_ops.expense_payment_amount"", ""acme_ops.expense_reserve_amount"", ""acme_ops.total_policy_amount""], ""filters"": [{""member"": ""acme_ops.has_premium"", ""operator"": ""equals"", ""values"": [""1""]}], ""order"": {""acme_ops.company_claim_number"": ""asc""}}}"
2,Q17,17,LQHS,dimension_listing,0,Return policy holders and the claims they have made and the corresponding catastrophe,1,1,1,1.0,1.0,1.0,1.0,1,-1,"{""query"": {""dimensions"": [""acme_ops.party_identifier"", ""acme_ops.company_claim_number"", ""acme_ops.catastrophe_name""], ""filters"": [{""member"": ""acme_ops.party_role_code"", ""operator"": ""equals"", ""values"": [""PH""]}]}}","{""query"": {""dimensions"": [""acme_ops.party_identifier"", ""acme_ops.company_claim_number"", ""acme_ops.catastrophe_name""], ""filters"": [{""member"": ""acme_ops.party_role_code"", ""operator"": ""equals"", ""values"": [""PH""]}], ""order"": {""acme_ops.party_identifier"": ""asc""}}}"
2,Q18,18,LQHS,dimension_listing,0,Return agents and the policy they have sold that have had a claim and the corresponding catastrophe it had.,1,1,1,0.8571,1.0,1.0,0.0,0,-1,"{""query"": {""dimensions"": [""acme_ops.party_identifier"", ""acme_ops.policy_number"", ""acme_ops.catastrophe_name""], ""filters"": [{""member"": ""acme_ops.party_role_code"", ""operator"": ""equals"", ""values"": [""AG""]}]}}","{""query"": {""dimensions"": [""acme_ops.party_identifier"", ""acme_ops.policy_number"", ""acme_ops.company_claim_number"", ""acme_ops.catastrophe_name""], ""filters"": [{""member"": ""acme_ops.party_role_code"", ""operator"": ""equals"", ""values"": [""AG""]}], ""order"": {""acme_ops.party_identifier"": ""asc""}}}"
2,Q19,19,LQHS,dimension_listing,0,"Return agents and the policies they have sold that have had a claim and the corresponding loss payment amount by agent id, policy number and claim number",1,1,1,1.0,1.0,1.0,1.0,1,-1,"{""query"": {""dimensions"": [""acme_ops.party_identifier"", ""acme_ops.policy_number"", ""acme_ops.company_claim_number""], ""measures"": [""acme_ops.loss_payment_amount""], ""filters"": [{""member"": ""acme_ops.party_role_code"", ""operator"": ""equals"", ""values"": [""AG""]}], ""order"": {""acme_ops.loss_payment_amount"": ""desc""}}}","{""query"": {""dimensions"": [""acme_ops.party_identifier"", ""acme_ops.policy_number"", ""acme_ops.company_claim_number""], ""measures"": [""acme_ops.loss_payment_amount""], ""filters"": [{""member"": ""acme_ops.party_role_code"", ""operator"": ""equals"", ""values"": [""AG""]}], ""order"": {""acme_ops.party_identifier"": ""asc""}}}"
2,Q20,20,LQHS,dimension_listing,0,"Return agents and the policy they have sold that have had a claim and the corresponding loss reserve amount by agent id, policy number and claim number",1,1,1,1.0,1.0,1.0,1.0,1,-1,"{""query"": {""dimensions"": [""acme_ops.party_identifier"", ""acme_ops.policy_number"", ""acme_ops.company_claim_number""], ""measures"": [""acme_ops.loss_reserve_amount""], ""filters"": [{""member"": ""acme_ops.party_role_code"", ""operator"": ""equals"", ""values"": [""AG""]}]}}","{""query"": {""dimensions"": [""acme_ops.party_identifier"", ""acme_ops.policy_number"", ""acme_ops.company_claim_number""], ""measures"": [""acme_ops.loss_reserve_amount""], ""filters"": [{""member"": ""acme_ops.party_role_code"", ""operator"": ""equals"", ""values"": [""AG""]}], ""order"": {""acme_ops.party_identifier"": ""asc""}}}"
2,Q21,21,LQHS,dimension_listing,0,"Return agents and the policy they have sold that have had a claim and the corresponding expense payment amount by agent id, policy number and claim number",1,1,1,1.0,1.0,1.0,1.0,1,-1,"{""query"": {""dimensions"": [""acme_ops.party_identifier"", ""acme_ops.policy_number"", ""acme_ops.company_claim_number""], ""measures"": [""acme_ops.expense_payment_amount""], ""filters"": [{""member"": ""acme_ops.party_role_code"", ""operator"": ""equals"", ""values"": [""AG""]}], ""order"": {""acme_ops.expense_payment_amount"": ""desc""}}}","{""query"": {""dimensions"": [""acme_ops.party_identifier"", ""acme_ops.policy_number"", ""acme_ops.company_claim_number""], ""measures"": [""acme_ops.expense_payment_amount""], ""filters"": [{""member"": ""acme_ops.party_role_code"", ""operator"": ""equals"", ""values"": [""AG""]}], ""order"": {""acme_ops.party_identifier"": ""asc""}}}"
2,Q22,22,LQHS,dimension_listing,0,"Return agents and the policy they have sold that have had a claim and the corresponding expense reserve amount by agent id, policy number and claim number",1,1,1,1.0,1.0,1.0,1.0,1,-1,"{""query"": {""dimensions"": [""acme_ops.party_identifier"", ""acme_ops.policy_number"", ""acme_ops.company_claim_number""], ""measures"": [""acme_ops.expense_reserve_amount""], ""filters"": [{""member"": ""acme_ops.party_role_code"", ""operator"": ""equals"", ""values"": [""AG""]}], ""order"": {""acme_ops.expense_reserve_amount"": ""desc""}}}","{""query"": {""dimensions"": [""acme_ops.party_identifier"", ""acme_ops.policy_number"", ""acme_ops.company_claim_number""], ""measures"": [""acme_ops.expense_reserve_amount""], ""filters"": [{""member"": ""acme_ops.party_role_code"", ""operator"": ""equals"", ""values"": [""AG""]}], ""order"": {""acme_ops.party_identifier"": ""asc""}}}"
2,Q23,23,HQLS,aggregate,0,How many claims do we have?,1,1,1,1.0,1.0,1.0,1.0,1,-1,"{""query"": {""measures"": [""acme_ops.claim_count""]}}","{""query"": {""measures"": [""acme_ops.claim_count""]}}"
2,Q24,24,HQLS,aggregate,0,How many policies do we have?,1,1,1,1.0,1.0,1.0,1.0,1,-1,"{""query"": {""measures"": [""acme_ops.policy_count""]}}","{""query"": {""measures"": [""acme_ops.policy_count""]}}"
2,Q25,25,HQLS,aggregate,0,How many claims have been placed by policy number?,1,1,1,1.0,1.0,1.0,1.0,1,-1,"{""query"": {""dimensions"": [""acme_ops.policy_number""], ""measures"": [""acme_ops.claim_count""]}}","{""query"": {""dimensions"": [""acme_ops.policy_number""], ""measures"": [""acme_ops.claim_count""], ""order"": {""acme_ops.claim_count"": ""desc""}}}"
2,Q26,26,HQLS,aggregate,0,How many policies have agents sold by agent id?,1,1,1,1.0,1.0,1.0,1.0,1,-1,"{""query"": {""dimensions"": [""acme_ops.party_identifier""], ""measures"": [""acme_ops.policy_count_by_agent""], ""filters"": [{""member"": ""acme_ops.party_role_code"", ""operator"": ""equals"", ""values"": [""AG""]}]}}","{""query"": {""dimensions"": [""acme_ops.party_identifier""], ""measures"": [""acme_ops.policy_count_by_agent""], ""filters"": [{""member"": ""acme_ops.party_role_code"", ""operator"": ""equals"", ""values"": [""AG""]}], ""order"": {""acme_ops.policy_count_by_agent"": ""desc""}}}"
2,Q28,28,HQLS,aggregate,0,What is the total amount of premiums paid by policy number?,1,1,1,1.0,1.0,1.0,1.0,1,-1,"{""query"": {""dimensions"": [""acme_ops.policy_number""], ""measures"": [""acme_ops.total_policy_amount""], ""filters"": [{""member"": ""acme_ops.has_premium"", ""operator"": ""equals"", ""values"": [""1""]}]}}","{""query"": {""dimensions"": [""acme_ops.policy_number""], ""measures"": [""acme_ops.total_policy_amount""], ""filters"": [{""member"": ""acme_ops.has_premium"", ""operator"": ""equals"", ""values"": [""1""]}], ""order"": {""acme_ops.total_policy_amount"": ""desc""}}}"
2,Q32,32,HQLS,aggregate,0,What is the average time to settle a claim by policy number?,1,1,1,1.0,1.0,1.0,1.0,1,-1,"{""query"": {""dimensions"": [""acme_ops.policy_number""], ""measures"": [""acme_ops.avg_days_to_settle""]}}","{""query"": {""dimensions"": [""acme_ops.policy_number""], ""measures"": [""acme_ops.avg_days_to_settle""], ""order"": {""acme_ops.avg_days_to_settle"": ""desc""}}}"
2,Q31,31,HQLS,aggregate,0,"What is the total loss amounts, which is the sum of loss payment, loss reserve amount by claim number?",1,1,1,1.0,1.0,1.0,1.0,1,-1,"{""query"": {""dimensions"": [""acme_ops.company_claim_number""], ""measures"": [""acme_ops.total_loss_amount""]}}","{""query"": {""dimensions"": [""acme_ops.company_claim_number""], ""measures"": [""acme_ops.total_loss_amount""], ""order"": {""acme_ops.total_loss_amount"": ""desc""}}}"
2,Q29,29,HQLS,aggregate,0,What is the total amount of premiums that a policy holder has paid?,1,1,1,1.0,1.0,0.6667,1.0,1,-1,"{""query"": {""dimensions"": [""acme_ops.party_identifier""], ""measures"": [""acme_ops.total_policy_amount""], ""filters"": [{""member"": ""acme_ops.party_role_code"", ""operator"": ""equals"", ""values"": [""PH""]}]}}","{""query"": {""dimensions"": [""acme_ops.party_identifier""], ""measures"": [""acme_ops.total_policy_amount""], ""filters"": [{""member"": ""acme_ops.has_premium"", ""operator"": ""equals"", ""values"": [""1""]}, {""member"": ""acme_ops.party_role_code"", ""operator"": ""equals"", ""values"": [""PH""]}], ""order"": {""acme_ops.total_policy_amount"": ""desc""}}}"
2,Q30,30,HQLS,aggregate,0,What is the total amount of premiums that a policy holder has paid by policy number?,1,1,1,0.6667,1.0,0.6667,0.0,0,-1,"{""query"": {""dimensions"": [""acme_ops.policy_number""], ""measures"": [""acme_ops.total_policy_amount""], ""filters"": [{""member"": ""acme_ops.party_role_code"", ""operator"": ""equals"", ""values"": [""PH""]}]}}","{""query"": {""dimensions"": [""acme_ops.policy_number"", ""acme_ops.party_identifier""], ""measures"": [""acme_ops.total_policy_amount""], ""filters"": [{""member"": ""acme_ops.has_premium"", ""operator"": ""equals"", ""values"": [""1""]}, {""member"": ""acme_ops.party_role_code"", ""operator"": ""equals"", ""values"": [""PH""]}], ""order"": {""acme_ops.total_policy_amount"": ""desc""}}}"
2,Q27,27,HQLS,aggregate,0,How many policies does each policy holder have by policy holder id?,1,1,1,1.0,1.0,1.0,1.0,1,-1,"{""query"": {""dimensions"": [""acme_ops.party_identifier""], ""measures"": [""acme_ops.policy_count""], ""filters"": [{""member"": ""acme_ops.party_role_code"", ""operator"": ""equals"", ""values"": [""PH""]}]}}","{""query"": {""dimensions"": [""acme_ops.party_identifier""], ""measures"": [""acme_ops.policy_count""], ""filters"": [{""member"": ""acme_ops.party_role_code"", ""operator"": ""equals"", ""values"": [""PH""]}], ""order"": {""acme_ops.policy_count"": ""desc""}}}"
2,Q33,33,HQLS,aggregate,0,What is the average policy size which is the total amount of premium divided by the number of policies?,1,1,1,1.0,1.0,0.0,1.0,1,-1,"{""query"": {""measures"": [""acme_ops.avg_policy_size""]}}","{""query"": {""measures"": [""acme_ops.avg_policy_size""], ""filters"": [{""member"": ""acme_ops.has_premium"", ""operator"": ""equals"", ""values"": [""1""]}]}}"
2,Q34,34,HQHS,aggregate,0,"What is the total loss of each claim by claim number where total loss is the sum of loss payment, loss reserve, expense payment, expense reserve amount?",1,1,1,1.0,1.0,1.0,1.0,1,-1,"{""query"": {""dimensions"": [""acme_ops.company_claim_number""], ""measures"": [""acme_ops.total_full_loss_amount""], ""order"": {""acme_ops.total_full_loss_amount"": ""desc""}}}","{""query"": {""dimensions"": [""acme_ops.company_claim_number""], ""measures"": [""acme_ops.total_full_loss_amount""], ""order"": {""acme_ops.total_full_loss_amount"": ""desc""}}}"
2,Q35,35,HQHS,aggregate,0,"What is the average loss of each policy by policy number where loss is the sum of loss payment, loss reserve, expense payment, expense reserve amounts?",1,1,1,1.0,1.0,1.0,1.0,1,-1,"{""query"": {""dimensions"": [""acme_ops.policy_number""], ""measures"": [""acme_ops.avg_full_loss_amount""]}}","{""query"": {""dimensions"": [""acme_ops.policy_number""], ""measures"": [""acme_ops.avg_full_loss_amount""], ""order"": {""acme_ops.avg_full_loss_amount"": ""desc""}}}"
2,Q36,36,HQHS,aggregate,0,"What is the total loss of each policy by policy number where total loss is the sum of loss payment, loss reserve, expense payment, expense reserve amounts?",1,1,1,1.0,1.0,1.0,1.0,1,-1,"{""query"": {""dimensions"": [""acme_ops.policy_number""], ""measures"": [""acme_ops.total_full_loss_amount""]}}","{""query"": {""dimensions"": [""acme_ops.policy_number""], ""measures"": [""acme_ops.total_full_loss_amount""], ""order"": {""acme_ops.total_full_loss_amount"": ""desc""}}}"
2,Q37,37,HQHS,aggregate,0,"What are the total loss, which is the sum of loss payment, loss reserve, expense payment, expense reserve amount by claim number and corresponding policy number, policy holder and premium amount paid?",1,1,1,1.0,1.0,0.6667,1.0,1,-1,"{""query"": {""dimensions"": [""acme_ops.company_claim_number"", ""acme_ops.policy_number"", ""acme_ops.party_identifier""], ""measures"": [""acme_ops.total_full_loss_amount"", ""acme_ops.total_policy_amount""], ""filters"": [{""member"": ""acme_ops.party_role_code"", ""operator"": ""equals"", ""values"": [""PH""]}]}}","{""query"": {""dimensions"": [""acme_ops.company_claim_number"", ""acme_ops.policy_number"", ""acme_ops.party_identifier""], ""measures"": [""acme_ops.total_full_loss_amount"", ""acme_ops.total_policy_amount""], ""filters"": [{""member"": ""acme_ops.party_role_code"", ""operator"": ""equals"", ""values"": [""PH""]}, {""member"": ""acme_ops.has_premium"", ""operator"": ""equals"", ""values"": [""1""]}], ""order"": {""acme_ops.company_claim_number"": ""asc""}}}"
2,Q38,38,HQHS,aggregate,0,"What are the total loss, which is the sum of loss payment, loss reserve, expense payment, expense reserve amount by catastrophe and policy number?",1,1,1,1.0,1.0,1.0,1.0,1,-1,"{""query"": {""dimensions"": [""acme_ops.catastrophe_name"", ""acme_ops.policy_number""], ""measures"": [""acme_ops.total_full_loss_amount""]}}","{""query"": {""dimensions"": [""acme_ops.catastrophe_name"", ""acme_ops.policy_number""], ""measures"": [""acme_ops.total_full_loss_amount""], ""order"": {""acme_ops.total_full_loss_amount"": ""desc""}}}"
2,Q39,39,HQHS,aggregate,0,"What are the total loss, which is the sum of loss payment, loss reserve, expense payment, expense reserve amount by claim number, catastrophe and corresponding policy number?",1,1,1,1.0,1.0,1.0,1.0,1,-1,"{""query"": {""dimensions"": [""acme_ops.company_claim_number"", ""acme_ops.catastrophe_name"", ""acme_ops.policy_number""], ""measures"": [""acme_ops.total_full_loss_amount""], ""order"": {""acme_ops.total_full_loss_amount"": ""desc""}}}","{""query"": {""dimensions"": [""acme_ops.company_claim_number"", ""acme_ops.catastrophe_name"", ""acme_ops.policy_number""], ""measures"": [""acme_ops.total_full_loss_amount""], ""order"": {""acme_ops.company_claim_number"": ""asc""}}}"
2,Q40,40,HQHS,aggregate,0,"What is the total loss of each policy that an agent has sold by agent id where total loss is the sum of loss payment, loss reserve, expense payment, expense reserve amounts?",1,1,1,1.0,1.0,1.0,1.0,1,-1,"{""query"": {""dimensions"": [""acme_ops.party_identifier"", ""acme_ops.policy_number""], ""measures"": [""acme_ops.total_full_loss_amount""], ""filters"": [{""member"": ""acme_ops.party_role_code"", ""operator"": ""equals"", ""values"": [""AG""]}]}}","{""query"": {""dimensions"": [""acme_ops.party_identifier"", ""acme_ops.policy_number""], ""measures"": [""acme_ops.total_full_loss_amount""], ""filters"": [{""member"": ""acme_ops.party_role_code"", ""operator"": ""equals"", ""values"": [""AG""]}], ""order"": {""acme_ops.party_identifier"": ""asc""}}}"
2,Q41,41,HQHS,aggregate,0,What is the loss ratio of each policy and agent who sold it by policy number and agent id?,1,1,1,1.0,0.5,0.6667,0.0,0,-1,"{""query"": {""dimensions"": [""acme_ops.policy_number"", ""acme_ops.party_identifier""], ""measures"": [""acme_ops.total_loss_amount"", ""acme_ops.total_policy_amount""], ""filters"": [{""member"": ""acme_ops.party_role_code"", ""operator"": ""equals"", ""values"": [""AG""]}], ""order"": {""acme_ops.policy_number"": ""asc""}}}","{""query"": {""dimensions"": [""acme_ops.policy_number"", ""acme_ops.party_identifier""], ""measures"": [""acme_ops.total_full_loss_amount"", ""acme_ops.total_policy_amount""], ""filters"": [{""member"": ""acme_ops.party_role_code"", ""operator"": ""equals"", ""values"": [""AG""]}, {""member"": ""acme_ops.has_premium"", ""operator"": ""equals"", ""values"": [""1""]}], ""order"": {""acme_ops.policy_number"": ""asc""}}}"
2,Q44,44,HQHS,aggregate,0,"What is the average loss of each policy by policy number and number of claims where loss is the sum of loss payment, loss reserve, expense payment, expense reserve amounts?",1,1,1,1.0,1.0,1.0,1.0,1,-1,"{""query"": {""dimensions"": [""acme_ops.policy_number""], ""measures"": [""acme_ops.avg_full_loss_amount"", ""acme_ops.claim_count""], ""order"": {""acme_ops.avg_full_loss_amount"": ""desc""}}}","{""query"": {""dimensions"": [""acme_ops.policy_number""], ""measures"": [""acme_ops.avg_full_loss_amount"", ""acme_ops.claim_count""], ""order"": {""acme_ops.policy_number"": ""asc""}}}"
2,Q43,43,HQHS,aggregate,0,"What is the loss ratio, number of claims, total loss by policy number and premium where total loss is the sum of loss payment, loss reserve, expense payment, expense reserve amount and loss ratio is total loss divided by premium?",1,1,1,1.0,1.0,1.0,1.0,1,-1,"{""query"": {""dimensions"": [""acme_ops.policy_number""], ""measures"": [""acme_ops.claim_count"", ""acme_ops.total_full_loss_amount"", ""acme_ops.total_policy_amount""], ""filters"": [{""member"": ""acme_ops.has_premium"", ""operator"": ""equals"", ""values"": [""1""]}], ""order"": {""acme_ops.total_full_loss_amount"": ""desc""}}}","{""query"": {""dimensions"": [""acme_ops.policy_number""], ""measures"": [""acme_ops.total_full_loss_amount"", ""acme_ops.total_policy_amount"", ""acme_ops.claim_count""], ""filters"": [{""member"": ""acme_ops.has_premium"", ""operator"": ""equals"", ""values"": [""1""]}], ""order"": {""acme_ops.policy_number"": ""asc""}}}"
3,Q01,1,LQLS,dimension_listing,0,"Return all the claims we have by claim number, open date and close date?",1,1,1,1.0,0.0,1.0,0.0,0,-1,"{""query"": {""dimensions"": [""acme_ops.company_claim_number"", ""acme_ops.claim_open_date"", ""acme_ops.claim_close_date""], ""measures"": [""acme_ops.claim_count""]}}","{""query"": {""dimensions"": [""acme_ops.company_claim_number"", ""acme_ops.claim_open_date"", ""acme_ops.claim_close_date""], ""order"": {""acme_ops.company_claim_number"": ""asc""}}}"
3,Q02,2,LQLS,dimension_listing,0,"Return all the policies we have by policy number, effective date and expiration date?",1,1,1,1.0,1.0,1.0,1.0,1,-1,"{""query"": {""dimensions"": [""acme_ops.policy_number"", ""acme_ops.policy_effective_date"", ""acme_ops.policy_expiration_date""]}}","{""query"": {""dimensions"": [""acme_ops.policy_number"", ""acme_ops.policy_effective_date"", ""acme_ops.policy_expiration_date""], ""order"": {""acme_ops.policy_number"": ""asc""}}}"
3,Q03,3,LQLS,dimension_listing,0,Return all the policies and their policy holder by id,1,1,1,1.0,1.0,1.0,1.0,1,-1,"{""query"": {""dimensions"": [""acme_ops.policy_number"", ""acme_ops.party_identifier""], ""filters"": [{""member"": ""acme_ops.party_role_code"", ""operator"": ""equals"", ""values"": [""PH""]}]}}","{""query"": {""dimensions"": [""acme_ops.policy_number"", ""acme_ops.party_identifier""], ""filters"": [{""member"": ""acme_ops.party_role_code"", ""operator"": ""equals"", ""values"": [""PH""]}], ""order"": {""acme_ops.policy_number"": ""asc""}}}"
3,Q04,4,LQLS,dimension_listing,0,Return all the policies and the agents that sold them by policy number and agent id,1,1,1,1.0,1.0,1.0,1.0,1,-1,"{""query"": {""dimensions"": [""acme_ops.policy_number"", ""acme_ops.party_identifier""], ""filters"": [{""member"": ""acme_ops.party_role_code"", ""operator"": ""equals"", ""values"": [""AG""]}]}}","{""query"": {""dimensions"": [""acme_ops.policy_number"", ""acme_ops.party_identifier""], ""filters"": [{""member"": ""acme_ops.party_role_code"", ""operator"": ""equals"", ""values"": [""AG""]}], ""order"": {""acme_ops.policy_number"": ""asc""}}}"
3,Q05,5,LQLS,dimension_listing,0,What are all our policies that have a claim associated to them by policy and claim number?,1,1,1,1.0,0.0,0.0,0.0,0,-1,"{""query"": {""dimensions"": [""acme_ops.policy_number"", ""acme_ops.company_claim_number""], ""measures"": [""acme_ops.claim_count""], ""filters"": [{""member"": ""acme_ops.claim_count"", ""operator"": ""equals"", ""values"": [""1""]}]}}","{""query"": {""dimensions"": [""acme_ops.policy_number"", ""acme_ops.company_claim_number""], ""order"": {""acme_ops.policy_number"": ""asc""}}}"
3,Q06,6,LQLS,dimension_listing,0,What are all the premiums that have been paid by policy holders?,1,1,1,1.0,1.0,1.0,1.0,1,-1,"{""query"": {""dimensions"": [""acme_ops.party_identifier""], ""measures"": [""acme_ops.total_policy_amount""], ""filters"": [{""member"": ""acme_ops.party_role_code"", ""operator"": ""equals"", ""values"": [""PH""]}, {""member"": ""acme_ops.has_premium"", ""operator"": ""equals"", ""values"": [""1""]}]}}","{""query"": {""dimensions"": [""acme_ops.party_identifier""], ""measures"": [""acme_ops.total_policy_amount""], ""filters"": [{""member"": ""acme_ops.party_role_code"", ""operator"": ""equals"", ""values"": [""PH""]}, {""member"": ""acme_ops.has_premium"", ""operator"": ""equals"", ""values"": [""1""]}], ""order"": {""acme_ops.total_policy_amount"": ""desc""}}}"
3,Q07,7,LQLS,dimension_listing,0,What is the premium amount of all policies by policy number?,1,1,1,1.0,1.0,0.0,1.0,1,-1,"{""query"": {""dimensions"": [""acme_ops.policy_number""], ""measures"": [""acme_ops.total_policy_amount""]}}","{""query"": {""dimensions"": [""acme_ops.policy_number""], ""measures"": [""acme_ops.total_policy_amount""], ""filters"": [{""member"": ""acme_ops.has_premium"", ""operator"": ""equals"", ""values"": [""1""]}], ""order"": {""acme_ops.policy_number"": ""asc""}}}"
3,Q08,8,LQLS,dimension_listing,0,"What is the premium amount of all policies by policy number, coverage effective date and coverage expiration date",1,1,1,1.0,1.0,0.0,1.0,1,-1,"{""query"": {""dimensions"": [""acme_ops.policy_number"", ""acme_ops.coverage_effective_date"", ""acme_ops.coverage_expiration_date""], ""measures"": [""acme_ops.total_policy_amount""]}}","{""query"": {""dimensions"": [""acme_ops.policy_number"", ""acme_ops.coverage_effective_date"", ""acme_ops.coverage_expiration_date""], ""measures"": [""acme_ops.total_policy_amount""], ""filters"": [{""member"": ""acme_ops.has_premium"", ""operator"": ""equals"", ""values"": [""1""]}], ""order"": {""acme_ops.policy_number"": ""asc""}}}"
3,Q09,9,LQLS,dimension_listing,0,What are the loss payment amount of all claims by claim number?,1,1,1,1.0,1.0,1.0,1.0,1,-1,"{""query"": {""dimensions"": [""acme_ops.company_claim_number""], ""measures"": [""acme_ops.loss_payment_amount""]}}","{""query"": {""dimensions"": [""acme_ops.company_claim_number""], ""measures"": [""acme_ops.loss_payment_amount""], ""order"": {""acme_ops.company_claim_number"": ""asc""}}}"
3,Q10,10,LQLS,dimension_listing,0,What are the loss reserve amount of all claims by claim number?,1,1,1,1.0,1.0,1.0,1.0,1,-1,"{""query"": {""dimensions"": [""acme_ops.company_claim_number""], ""measures"": [""acme_ops.loss_reserve_amount""]}}","{""query"": {""dimensions"": [""acme_ops.company_claim_number""], ""measures"": [""acme_ops.loss_reserve_amount""], ""order"": {""acme_ops.company_claim_number"": ""asc""}}}"
3,Q11,11,LQLS,dimension_listing,0,What are the expense payment amount of all claims by claim number?,1,1,1,1.0,1.0,1.0,1.0,1,-1,"{""query"": {""dimensions"": [""acme_ops.company_claim_number""], ""measures"": [""acme_ops.expense_payment_amount""]}}","{""query"": {""dimensions"": [""acme_ops.company_claim_number""], ""measures"": [""acme_ops.expense_payment_amount""], ""order"": {""acme_ops.company_claim_number"": ""asc""}}}"
3,Q12,12,LQLS,dimension_listing,0,What are the expense reserve amount of all claims by claim number?,1,1,1,1.0,1.0,1.0,1.0,1,-1,"{""query"": {""dimensions"": [""acme_ops.company_claim_number""], ""measures"": [""acme_ops.expense_reserve_amount""]}}","{""query"": {""dimensions"": [""acme_ops.company_claim_number""], ""measures"": [""acme_ops.expense_reserve_amount""], ""order"": {""acme_ops.company_claim_number"": ""asc""}}}"
3,Q13,13,LQHS,dimension_listing,0,"What are the loss payment, loss reserve, expense payment, expense reserve amount by claim number?",1,1,1,1.0,1.0,1.0,1.0,1,-1,"{""query"": {""dimensions"": [""acme_ops.company_claim_number""], ""measures"": [""acme_ops.loss_payment_amount"", ""acme_ops.loss_reserve_amount"", ""acme_ops.expense_payment_amount"", ""acme_ops.expense_reserve_amount""]}}","{""query"": {""dimensions"": [""acme_ops.company_claim_number""], ""measures"": [""acme_ops.loss_payment_amount"", ""acme_ops.loss_reserve_amount"", ""acme_ops.expense_payment_amount"", ""acme_ops.expense_reserve_amount""], ""order"": {""acme_ops.company_claim_number"": ""asc""}}}"
3,Q14,14,LQHS,dimension_listing,0,"What are the loss payment, loss reserve, expense payment, expense reserve amount by claim number and corresponding policy number, policy holder and premium amount paid?",1,1,1,1.0,1.0,0.6667,1.0,1,-1,"{""query"": {""dimensions"": [""acme_ops.company_claim_number"", ""acme_ops.policy_number"", ""acme_ops.party_identifier""], ""measures"": [""acme_ops.loss_payment_amount"", ""acme_ops.loss_reserve_amount"", ""acme_ops.expense_payment_amount"", ""acme_ops.expense_reserve_amount"", ""acme_ops.total_policy_amount""], ""filters"": [{""member"": ""acme_ops.party_role_code"", ""operator"": ""equals"", ""values"": [""PH""]}]}}","{""query"": {""dimensions"": [""acme_ops.company_claim_number"", ""acme_ops.policy_number"", ""acme_ops.party_identifier""], ""measures"": [""acme_ops.loss_payment_amount"", ""acme_ops.loss_reserve_amount"", ""acme_ops.expense_payment_amount"", ""acme_ops.expense_reserve_amount"", ""acme_ops.total_policy_amount""], ""filters"": [{""member"": ""acme_ops.party_role_code"", ""operator"": ""equals"", ""values"": [""PH""]}, {""member"": ""acme_ops.has_premium"", ""operator"": ""equals"", ""values"": [""1""]}], ""order"": {""acme_ops.company_claim_number"": ""asc""}}}"
3,Q15,15,LQHS,dimension_listing,0,"What are the loss payment, loss reserve, expense payment, expense reserve amount by claim number and corresponding policy number, policy holder, premium amount paid and the agent who sold it?",1,1,1,0.8571,1.0,0.0,0.0,0,-1,"{""query"": {""dimensions"": [""acme_ops.company_claim_number"", ""acme_ops.policy_number"", ""acme_ops.party_identifier""], ""measures"": [""acme_ops.loss_payment_amount"", ""acme_ops.loss_reserve_amount"", ""acme_ops.expense_payment_amount"", ""acme_ops.expense_reserve_amount"", ""acme_ops.total_policy_amount""], ""filters"": [{""member"": ""acme_ops.party_role_code"", ""operator"": ""equals"", ""values"": [""PH""]}, {""member"": ""acme_ops.party_role_code"", ""operator"": ""equals"", ""values"": [""AG""]}]}}","{""query"": {""dimensions"": [""acme_ops.company_claim_number"", ""acme_ops.policy_number"", ""acme_ops.party_identifier"", ""acme_ops.party_role_code""], ""measures"": [""acme_ops.loss_payment_amount"", ""acme_ops.loss_reserve_amount"", ""acme_ops.expense_payment_amount"", ""acme_ops.expense_reserve_amount"", ""acme_ops.total_policy_amount""], ""filters"": [{""member"": ""acme_ops.has_premium"", ""operator"": ""equals"", ""values"": [""1""]}], ""order"": {""acme_ops.company_claim_number"": ""asc""}}}"
3,Q16,16,LQHS,dimension_listing,0,"What are the loss payment, loss reserve, expense payment, expense reserve amount by claim number and corresponding policy number, policy holder, premium amount paid, the catastrophe it had, and the agent who sold it?",1,1,1,0.8889,1.0,0.0,0.0,0,-1,"{""query"": {""dimensions"": [""acme_ops.company_claim_number"", ""acme_ops.policy_number"", ""acme_ops.catastrophe_name"", ""acme_ops.party_identifier""], ""measures"": [""acme_ops.loss_payment_amount"", ""acme_ops.loss_reserve_amount"", ""acme_ops.expense_payment_amount"", ""acme_ops.expense_reserve_amount"", ""acme_ops.total_policy_amount""], ""filters"": [{""member"": ""acme_ops.party_role_code"", ""operator"": ""equals"", ""values"": [""PH"", ""AG""]}]}}","{""query"": {""dimensions"": [""acme_ops.company_claim_number"", ""acme_ops.policy_number"", ""acme_ops.party_identifier"", ""acme_ops.party_role_code"", ""acme_ops.catastrophe_name""], ""measures"": [""acme_ops.loss_payment_amount"", ""acme_ops.loss_reserve_amount"", ""acme_ops.expense_payment_amount"", ""acme_ops.expense_reserve_amount"", ""acme_ops.total_policy_amount""], ""filters"": [{""member"": ""acme_ops.has_premium"", ""operator"": ""equals"", ""values"": [""1""]}], ""order"": {""acme_ops.company_claim_number"": ""asc""}}}"
3,Q17,17,LQHS,dimension_listing,0,Return policy holders and the claims they have made and the corresponding catastrophe,1,1,1,1.0,1.0,1.0,1.0,1,-1,"{""query"": {""dimensions"": [""acme_ops.party_identifier"", ""acme_ops.company_claim_number"", ""acme_ops.catastrophe_name""], ""filters"": [{""member"": ""acme_ops.party_role_code"", ""operator"": ""equals"", ""values"": [""PH""]}]}}","{""query"": {""dimensions"": [""acme_ops.party_identifier"", ""acme_ops.company_claim_number"", ""acme_ops.catastrophe_name""], ""filters"": [{""member"": ""acme_ops.party_role_code"", ""operator"": ""equals"", ""values"": [""PH""]}], ""order"": {""acme_ops.party_identifier"": ""asc""}}}"
3,Q18,18,LQHS,dimension_listing,0,Return agents and the policy they have sold that have had a claim and the corresponding catastrophe it had.,1,1,1,0.8571,1.0,1.0,0.0,0,-1,"{""query"": {""dimensions"": [""acme_ops.party_identifier"", ""acme_ops.policy_number"", ""acme_ops.catastrophe_name""], ""filters"": [{""member"": ""acme_ops.party_role_code"", ""operator"": ""equals"", ""values"": [""AG""]}]}}","{""query"": {""dimensions"": [""acme_ops.party_identifier"", ""acme_ops.policy_number"", ""acme_ops.company_claim_number"", ""acme_ops.catastrophe_name""], ""filters"": [{""member"": ""acme_ops.party_role_code"", ""operator"": ""equals"", ""values"": [""AG""]}], ""order"": {""acme_ops.party_identifier"": ""asc""}}}"
3,Q19,19,LQHS,dimension_listing,0,"Return agents and the policies they have sold that have had a claim and the corresponding loss payment amount by agent id, policy number and claim number",1,1,1,1.0,1.0,1.0,1.0,1,-1,"{""query"": {""dimensions"": [""acme_ops.party_identifier"", ""acme_ops.policy_number"", ""acme_ops.company_claim_number""], ""measures"": [""acme_ops.loss_payment_amount""], ""filters"": [{""member"": ""acme_ops.party_role_code"", ""operator"": ""equals"", ""values"": [""AG""]}]}}","{""query"": {""dimensions"": [""acme_ops.party_identifier"", ""acme_ops.policy_number"", ""acme_ops.company_claim_number""], ""measures"": [""acme_ops.loss_payment_amount""], ""filters"": [{""member"": ""acme_ops.party_role_code"", ""operator"": ""equals"", ""values"": [""AG""]}], ""order"": {""acme_ops.party_identifier"": ""asc""}}}"
3,Q20,20,LQHS,dimension_listing,0,"Return agents and the policy they have sold that have had a claim and the corresponding loss reserve amount by agent id, policy number and claim number",1,1,1,1.0,1.0,1.0,1.0,1,-1,"{""query"": {""dimensions"": [""acme_ops.party_identifier"", ""acme_ops.policy_number"", ""acme_ops.company_claim_number""], ""measures"": [""acme_ops.loss_reserve_amount""], ""filters"": [{""member"": ""acme_ops.party_role_code"", ""operator"": ""equals"", ""values"": [""AG""]}]}}","{""query"": {""dimensions"": [""acme_ops.party_identifier"", ""acme_ops.policy_number"", ""acme_ops.company_claim_number""], ""measures"": [""acme_ops.loss_reserve_amount""], ""filters"": [{""member"": ""acme_ops.party_role_code"", ""operator"": ""equals"", ""values"": [""AG""]}], ""order"": {""acme_ops.party_identifier"": ""asc""}}}"
3,Q21,21,LQHS,dimension_listing,0,"Return agents and the policy they have sold that have had a claim and the corresponding expense payment amount by agent id, policy number and claim number",1,1,1,1.0,1.0,1.0,1.0,1,-1,"{""query"": {""dimensions"": [""acme_ops.party_identifier"", ""acme_ops.policy_number"", ""acme_ops.company_claim_number""], ""measures"": [""acme_ops.expense_payment_amount""], ""filters"": [{""member"": ""acme_ops.party_role_code"", ""operator"": ""equals"", ""values"": [""AG""]}]}}","{""query"": {""dimensions"": [""acme_ops.party_identifier"", ""acme_ops.policy_number"", ""acme_ops.company_claim_number""], ""measures"": [""acme_ops.expense_payment_amount""], ""filters"": [{""member"": ""acme_ops.party_role_code"", ""operator"": ""equals"", ""values"": [""AG""]}], ""order"": {""acme_ops.party_identifier"": ""asc""}}}"
3,Q22,22,LQHS,dimension_listing,0,"Return agents and the policy they have sold that have had a claim and the corresponding expense reserve amount by agent id, policy number and claim number",1,1,1,1.0,1.0,1.0,1.0,1,-1,"{""query"": {""dimensions"": [""acme_ops.party_identifier"", ""acme_ops.policy_number"", ""acme_ops.company_claim_number""], ""measures"": [""acme_ops.expense_reserve_amount""], ""filters"": [{""member"": ""acme_ops.party_role_code"", ""operator"": ""equals"", ""values"": [""AG""]}]}}","{""query"": {""dimensions"": [""acme_ops.party_identifier"", ""acme_ops.policy_number"", ""acme_ops.company_claim_number""], ""measures"": [""acme_ops.expense_reserve_amount""], ""filters"": [{""member"": ""acme_ops.party_role_code"", ""operator"": ""equals"", ""values"": [""AG""]}], ""order"": {""acme_ops.party_identifier"": ""asc""}}}"
3,Q23,23,HQLS,aggregate,0,How many claims do we have?,1,1,1,1.0,1.0,1.0,1.0,1,-1,"{""query"": {""measures"": [""acme_ops.claim_count""]}}","{""query"": {""measures"": [""acme_ops.claim_count""]}}"
3,Q24,24,HQLS,aggregate,0,How many policies do we have?,1,1,1,1.0,1.0,1.0,1.0,1,-1,"{""query"": {""measures"": [""acme_ops.policy_count""]}}","{""query"": {""measures"": [""acme_ops.policy_count""]}}"
3,Q25,25,HQLS,aggregate,0,How many claims have been placed by policy number?,1,1,1,1.0,1.0,1.0,1.0,1,-1,"{""query"": {""dimensions"": [""acme_ops.policy_number""], ""measures"": [""acme_ops.claim_count""]}}","{""query"": {""dimensions"": [""acme_ops.policy_number""], ""measures"": [""acme_ops.claim_count""], ""order"": {""acme_ops.claim_count"": ""desc""}}}"
3,Q26,26,HQLS,aggregate,0,How many policies have agents sold by agent id?,1,1,1,1.0,1.0,1.0,1.0,1,-1,"{""query"": {""dimensions"": [""acme_ops.party_identifier""], ""measures"": [""acme_ops.policy_count_by_agent""], ""filters"": [{""member"": ""acme_ops.party_role_code"", ""operator"": ""equals"", ""values"": [""AG""]}]}}","{""query"": {""dimensions"": [""acme_ops.party_identifier""], ""measures"": [""acme_ops.policy_count_by_agent""], ""filters"": [{""member"": ""acme_ops.party_role_code"", ""operator"": ""equals"", ""values"": [""AG""]}], ""order"": {""acme_ops.policy_count_by_agent"": ""desc""}}}"
3,Q28,28,HQLS,aggregate,0,What is the total amount of premiums paid by policy number?,1,1,1,1.0,1.0,1.0,1.0,1,-1,"{""query"": {""dimensions"": [""acme_ops.policy_number""], ""measures"": [""acme_ops.total_policy_amount""], ""filters"": [{""member"": ""acme_ops.has_premium"", ""operator"": ""equals"", ""values"": [""1""]}]}}","{""query"": {""dimensions"": [""acme_ops.policy_number""], ""measures"": [""acme_ops.total_policy_amount""], ""filters"": [{""member"": ""acme_ops.has_premium"", ""operator"": ""equals"", ""values"": [""1""]}], ""order"": {""acme_ops.total_policy_amount"": ""desc""}}}"
3,Q32,32,HQLS,aggregate,0,What is the average time to settle a claim by policy number?,1,1,1,1.0,1.0,1.0,1.0,1,-1,"{""query"": {""dimensions"": [""acme_ops.policy_number""], ""measures"": [""acme_ops.avg_days_to_settle""]}}","{""query"": {""dimensions"": [""acme_ops.policy_number""], ""measures"": [""acme_ops.avg_days_to_settle""], ""order"": {""acme_ops.avg_days_to_settle"": ""desc""}}}"
3,Q31,31,HQLS,aggregate,0,"What is the total loss amounts, which is the sum of loss payment, loss reserve amount by claim number?",1,1,1,1.0,1.0,1.0,1.0,1,-1,"{""query"": {""dimensions"": [""acme_ops.company_claim_number""], ""measures"": [""acme_ops.total_loss_amount""]}}","{""query"": {""dimensions"": [""acme_ops.company_claim_number""], ""measures"": [""acme_ops.total_loss_amount""], ""order"": {""acme_ops.total_loss_amount"": ""desc""}}}"
3,Q29,29,HQLS,aggregate,0,What is the total amount of premiums that a policy holder has paid?,1,1,1,1.0,1.0,0.6667,1.0,1,-1,"{""query"": {""dimensions"": [""acme_ops.party_identifier""], ""measures"": [""acme_ops.total_policy_amount""], ""filters"": [{""member"": ""acme_ops.party_role_code"", ""operator"": ""equals"", ""values"": [""PH""]}]}}","{""query"": {""dimensions"": [""acme_ops.party_identifier""], ""measures"": [""acme_ops.total_policy_amount""], ""filters"": [{""member"": ""acme_ops.has_premium"", ""operator"": ""equals"", ""values"": [""1""]}, {""member"": ""acme_ops.party_role_code"", ""operator"": ""equals"", ""values"": [""PH""]}], ""order"": {""acme_ops.total_policy_amount"": ""desc""}}}"
3,Q30,30,HQLS,aggregate,0,What is the total amount of premiums that a policy holder has paid by policy number?,1,1,1,0.6667,1.0,0.6667,0.0,0,-1,"{""query"": {""dimensions"": [""acme_ops.policy_number""], ""measures"": [""acme_ops.total_policy_amount""], ""filters"": [{""member"": ""acme_ops.party_role_code"", ""operator"": ""equals"", ""values"": [""PH""]}]}}","{""query"": {""dimensions"": [""acme_ops.policy_number"", ""acme_ops.party_identifier""], ""measures"": [""acme_ops.total_policy_amount""], ""filters"": [{""member"": ""acme_ops.has_premium"", ""operator"": ""equals"", ""values"": [""1""]}, {""member"": ""acme_ops.party_role_code"", ""operator"": ""equals"", ""values"": [""PH""]}], ""order"": {""acme_ops.total_policy_amount"": ""desc""}}}"
3,Q27,27,HQLS,aggregate,0,How many policies does each policy holder have by policy holder id?,1,1,1,1.0,1.0,1.0,1.0,1,-1,"{""query"": {""dimensions"": [""acme_ops.party_identifier""], ""measures"": [""acme_ops.policy_count""], ""filters"": [{""member"": ""acme_ops.party_role_code"", ""operator"": ""equals"", ""values"": [""PH""]}]}}","{""query"": {""dimensions"": [""acme_ops.party_identifier""], ""measures"": [""acme_ops.policy_count""], ""filters"": [{""member"": ""acme_ops.party_role_code"", ""operator"": ""equals"", ""values"": [""PH""]}], ""order"": {""acme_ops.policy_count"": ""desc""}}}"
3,Q33,33,HQLS,aggregate,0,What is the average policy size which is the total amount of premium divided by the number of policies?,1,1,1,1.0,1.0,0.0,1.0,1,-1,"{""query"": {""measures"": [""acme_ops.avg_policy_size""]}}","{""query"": {""measures"": [""acme_ops.avg_policy_size""], ""filters"": [{""member"": ""acme_ops.has_premium"", ""operator"": ""equals"", ""values"": [""1""]}]}}"
3,Q34,34,HQHS,aggregate,0,"What is the total loss of each claim by claim number where total loss is the sum of loss payment, loss reserve, expense payment, expense reserve amount?",1,1,1,1.0,1.0,1.0,1.0,1,-1,"{""query"": {""dimensions"": [""acme_ops.company_claim_number""], ""measures"": [""acme_ops.total_full_loss_amount""]}}","{""query"": {""dimensions"": [""acme_ops.company_claim_number""], ""measures"": [""acme_ops.total_full_loss_amount""], ""order"": {""acme_ops.total_full_loss_amount"": ""desc""}}}"
3,Q35,35,HQHS,aggregate,0,"What is the average loss of each policy by policy number where loss is the sum of loss payment, loss reserve, expense payment, expense reserve amounts?",1,1,1,1.0,1.0,1.0,1.0,1,-1,"{""query"": {""dimensions"": [""acme_ops.policy_number""], ""measures"": [""acme_ops.avg_full_loss_amount""]}}","{""query"": {""dimensions"": [""acme_ops.policy_number""], ""measures"": [""acme_ops.avg_full_loss_amount""], ""order"": {""acme_ops.avg_full_loss_amount"": ""desc""}}}"
3,Q36,36,HQHS,aggregate,0,"What is the total loss of each policy by policy number where total loss is the sum of loss payment, loss reserve, expense payment, expense reserve amounts?",1,1,1,1.0,1.0,1.0,1.0,1,-1,"{""query"": {""dimensions"": [""acme_ops.policy_number""], ""measures"": [""acme_ops.total_full_loss_amount""]}}","{""query"": {""dimensions"": [""acme_ops.policy_number""], ""measures"": [""acme_ops.total_full_loss_amount""], ""order"": {""acme_ops.total_full_loss_amount"": ""desc""}}}"
3,Q37,37,HQHS,aggregate,0,"What are the total loss, which is the sum of loss payment, loss reserve, expense payment, expense reserve amount by claim number and corresponding policy number, policy holder and premium amount paid?",1,1,1,1.0,1.0,0.6667,1.0,1,-1,"{""query"": {""dimensions"": [""acme_ops.company_claim_number"", ""acme_ops.policy_number"", ""acme_ops.party_identifier""], ""measures"": [""acme_ops.total_full_loss_amount"", ""acme_ops.total_policy_amount""], ""filters"": [{""member"": ""acme_ops.party_role_code"", ""operator"": ""equals"", ""values"": [""PH""]}]}}","{""query"": {""dimensions"": [""acme_ops.company_claim_number"", ""acme_ops.policy_number"", ""acme_ops.party_identifier""], ""measures"": [""acme_ops.total_full_loss_amount"", ""acme_ops.total_policy_amount""], ""filters"": [{""member"": ""acme_ops.party_role_code"", ""operator"": ""equals"", ""values"": [""PH""]}, {""member"": ""acme_ops.has_premium"", ""operator"": ""equals"", ""values"": [""1""]}], ""order"": {""acme_ops.company_claim_number"": ""asc""}}}"
3,Q38,38,HQHS,aggregate,0,"What are the total loss, which is the sum of loss payment, loss reserve, expense payment, expense reserve amount by catastrophe and policy number?",1,1,1,1.0,1.0,1.0,1.0,1,-1,"{""query"": {""dimensions"": [""acme_ops.catastrophe_name"", ""acme_ops.policy_number""], ""measures"": [""acme_ops.total_full_loss_amount""]}}","{""query"": {""dimensions"": [""acme_ops.catastrophe_name"", ""acme_ops.policy_number""], ""measures"": [""acme_ops.total_full_loss_amount""], ""order"": {""acme_ops.total_full_loss_amount"": ""desc""}}}"
3,Q39,39,HQHS,aggregate,0,"What are the total loss, which is the sum of loss payment, loss reserve, expense payment, expense reserve amount by claim number, catastrophe and corresponding policy number?",1,1,1,1.0,1.0,1.0,1.0,1,-1,"{""query"": {""dimensions"": [""acme_ops.company_claim_number"", ""acme_ops.catastrophe_name"", ""acme_ops.policy_number""], ""measures"": [""acme_ops.total_full_loss_amount""]}}","{""query"": {""dimensions"": [""acme_ops.company_claim_number"", ""acme_ops.catastrophe_name"", ""acme_ops.policy_number""], ""measures"": [""acme_ops.total_full_loss_amount""], ""order"": {""acme_ops.company_claim_number"": ""asc""}}}"
3,Q40,40,HQHS,aggregate,0,"What is the total loss of each policy that an agent has sold by agent id where total loss is the sum of loss payment, loss reserve, expense payment, expense reserve amounts?",1,1,1,1.0,1.0,1.0,1.0,1,-1,"{""query"": {""dimensions"": [""acme_ops.party_identifier"", ""acme_ops.policy_number""], ""measures"": [""acme_ops.total_full_loss_amount""], ""filters"": [{""member"": ""acme_ops.party_role_code"", ""operator"": ""equals"", ""values"": [""AG""]}]}}","{""query"": {""dimensions"": [""acme_ops.party_identifier"", ""acme_ops.policy_number""], ""measures"": [""acme_ops.total_full_loss_amount""], ""filters"": [{""member"": ""acme_ops.party_role_code"", ""operator"": ""equals"", ""values"": [""AG""]}], ""order"": {""acme_ops.party_identifier"": ""asc""}}}"
3,Q41,41,HQHS,aggregate,0,What is the loss ratio of each policy and agent who sold it by policy number and agent id?,1,1,1,1.0,0.5,0.6667,0.0,0,-1,"{""query"": {""dimensions"": [""acme_ops.policy_number"", ""acme_ops.party_identifier""], ""measures"": [""acme_ops.total_loss_amount"", ""acme_ops.total_policy_amount""], ""filters"": [{""member"": ""acme_ops.party_role_code"", ""operator"": ""equals"", ""values"": [""AG""]}], ""order"": {""acme_ops.policy_number"": ""asc""}}}","{""query"": {""dimensions"": [""acme_ops.policy_number"", ""acme_ops.party_identifier""], ""measures"": [""acme_ops.total_full_loss_amount"", ""acme_ops.total_policy_amount""], ""filters"": [{""member"": ""acme_ops.party_role_code"", ""operator"": ""equals"", ""values"": [""AG""]}, {""member"": ""acme_ops.has_premium"", ""operator"": ""equals"", ""values"": [""1""]}], ""order"": {""acme_ops.policy_number"": ""asc""}}}"
3,Q44,44,HQHS,aggregate,0,"What is the average loss of each policy by policy number and number of claims where loss is the sum of loss payment, loss reserve, expense payment, expense reserve amounts?",1,1,1,1.0,1.0,1.0,1.0,1,-1,"{""query"": {""dimensions"": [""acme_ops.policy_number""], ""measures"": [""acme_ops.avg_full_loss_amount"", ""acme_ops.claim_count""]}}","{""query"": {""dimensions"": [""acme_ops.policy_number""], ""measures"": [""acme_ops.avg_full_loss_amount"", ""acme_ops.claim_count""], ""order"": {""acme_ops.policy_number"": ""asc""}}}"
3,Q43,43,HQHS,aggregate,0,"What is the loss ratio, number of claims, total loss by policy number and premium where total loss is the sum of loss payment, loss reserve, expense payment, expense reserve amount and loss ratio is total loss divided by premium?",1,1,1,1.0,1.0,1.0,1.0,1,-1,"{""query"": {""dimensions"": [""acme_ops.policy_number""], ""measures"": [""acme_ops.claim_count"", ""acme_ops.total_full_loss_amount"", ""acme_ops.total_policy_amount""], ""filters"": [{""member"": ""acme_ops.has_premium"", ""operator"": ""equals"", ""values"": [""1""]}]}}","{""query"": {""dimensions"": [""acme_ops.policy_number""], ""measures"": [""acme_ops.total_full_loss_amount"", ""acme_ops.total_policy_amount"", ""acme_ops.claim_count""], ""filters"": [{""member"": ""acme_ops.has_premium"", ""operator"": ""equals"", ""values"": [""1""]}], ""order"": {""acme_ops.policy_number"": ""asc""}}}"
